id,artist
pyz,Andy Warhol
vqn,Vincent van Gogh
cqk,Vincent van Gogh
ubj,Francisco Goya
tfs,Hieronymus Bosch
qpn,Pablo Picasso
puz,Albrecht Du rer
mih,Peter Paul Rubens
tdg,Albrecht Du rer
tln,Pablo Picasso
qvr,Pierre-Auguste Renoir
jfw,Joan Miro
paw,Sandro Botticelli
udf,Rembrandt
zja,Alfred Sisley
ubd,Henri Rousseau
ehr,Albrecht Du rer
iym,Pierre-Auguste Renoir
mau,Vincent van Gogh
bfv,Mikhail Vrubel
bms,Pablo Picasso
dpe,Paul Klee
eap,Edgar Degas
rtd,Titian
jli,William Turner
csx,Rene Magritte
eqp,Edgar Degas
krw,Titian
zzy,Paul Cezanne
vvc,Edgar Degas
oqm,Paul Klee
jyz,Vincent van Gogh
tan,Pierre-Auguste Renoir
wqc,Albrecht Du rer
vci,Alfred Sisley
rii,Titian
xdw,Henri Rousseau
aug,Raphael
dfe,Gustav Klimt
nkh,Alfred Sisley
rey,Edgar Degas
ail,Andy Warhol
ntk,Vincent van Gogh
ffb,Andy Warhol
xho,Pablo Picasso
oqx,Andrei Rublev
vmu,Salvador Dali
iwn,Andy Warhol
qlc,Pablo Picasso
nyr,Alfred Sisley
hpd,Frida Kahlo
bzy,Paul Gauguin
fvl,Vincent van Gogh
eaq,Vincent van Gogh
xjd,Francisco Goya
ovt,Edouard Manet
sgb,Titian
qtc,Pierre-Auguste Renoir
ofl,Albrecht Du rer
yya,Giotto di Bondone
jed,Mikhail Vrubel
ebo,Edgar Degas
fuf,Andy Warhol
iez,Amedeo Modigliani
zbn,El Greco
uai,Salvador Dali
klq,Hieronymus Bosch
gff,Paul Klee
tos,Edgar Degas
kba,Andy Warhol
xpp,Vincent van Gogh
osx,Mikhail Vrubel
kpq,Hieronymus Bosch
low,Vincent van Gogh
ein,Amedeo Modigliani
unk,Edgar Degas
jao,Pierre-Auguste Renoir
yja,Alfred Sisley
fbz,Titian
wht,Sandro Botticelli
lil,Amedeo Modigliani
rjx,Edouard Manet
rcx,Joan Miro
drc,Marc Chagall
wlu,Rene Magritte
xiw,Jan van Eyck
aam,Albrecht Du rer
rot,Peter Paul Rubens
tfh,Rembrandt
rct,Vincent van Gogh
see,Joan Miro
gqn,Vincent van Gogh
gas,Paul Gauguin
byj,Rembrandt
bcq,Diego Velazquez
oum,Vincent van Gogh
qeb,El Greco
grr,Pieter Bruegel
ylr,Sandro Botticelli
jex,Amedeo Modigliani
hrj,Camille Pissarro
hqu,Diego Rivera
zri,Rembrandt
dye,Frida Kahlo
plr,El Greco
fkm,Pierre-Auguste Renoir
jok,Francisco Goya
stq,Jan van Eyck
dmy,Amedeo Modigliani
zjg,Pierre-Auguste Renoir
rhw,Henri Rousseau
usc,Paul Cezanne
mph,Salvador Dali
skl,Francisco Goya
mcz,Paul Klee
gbi,Vincent van Gogh
pea,Pablo Picasso
mmd,Edgar Degas
yji,Peter Paul Rubens
tvw,Alfred Sisley
eeg,Andy Warhol
ust,Pierre-Auguste Renoir
yqq,Paul Gauguin
dmi,Titian
shq,Pablo Picasso
emq,Raphael
uzb,Joan Miro
goz,Paul Gauguin
neh,Rene Magritte
ane,Marc Chagall
fmy,Albrecht Du rer
lkn,Kazimir Malevich
vxt,Edouard Manet
cqr,Mikhail Vrubel
lue,Titian
qvt,Edgar Degas
hvx,Edvard Munch
uuy,Henri Matisse
nll,Edgar Degas
bdh,Salvador Dali
rcg,Rembrandt
lza,Vincent van Gogh
wgt,Andy Warhol
pki,Rene Magritte
sox,Henri Matisse
utp,Edgar Degas
nse,Pierre-Auguste Renoir
tcg,Mikhail Vrubel
axj,Marc Chagall
ipa,Edgar Degas
czj,Rembrandt
nqx,Paul Gauguin
itc,Rene Magritte
ycp,Peter Paul Rubens
yih,Andy Warhol
kzo,Albrecht Du rer
kkr,Paul Gauguin
mda,Salvador Dali
gnc,Titian
gxw,Vincent van Gogh
ynd,Edgar Degas
waj,Edgar Degas
sxy,Andy Warhol
nii,Claude Monet
iew,Edgar Degas
bex,Titian
oyi,Diego Velazquez
yyx,Rembrandt
kqu,Rembrandt
tnw,Titian
hjj,Edouard Manet
hqr,Vincent van Gogh
ofz,Albrecht Du rer
sfu,Edgar Degas
apr,Paul Gauguin
vyh,Peter Paul Rubens
xol,Edgar Degas
qbb,Raphael
kfy,Pierre-Auguste Renoir
skq,Pierre-Auguste Renoir
hpr,Vincent van Gogh
ipe,Diego Velazquez
cme,Edgar Degas
sjr,Pieter Bruegel
cpk,Vincent van Gogh
oqn,Paul Gauguin
cab,Edgar Degas
vfl,Diego Velazquez
mtg,Sandro Botticelli
igm,Francisco Goya
bse,Edgar Degas
arp,Amedeo Modigliani
lkv,Amedeo Modigliani
lvo,Peter Paul Rubens
zmz,Titian
pll,Pierre-Auguste Renoir
nzx,Francisco Goya
dqx,Leonardo da Vinci
juu,Amedeo Modigliani
rvq,Paul Klee
hgv,Edgar Degas
hsw,Diego Velazquez
ikn,Salvador Dali
bbn,Edgar Degas
wil,Francisco Goya
gae,Vincent van Gogh
jto,Pablo Picasso
cvk,Vincent van Gogh
xdi,Vincent van Gogh
agf,Salvador Dali
rsl,Mikhail Vrubel
hcv,Edouard Manet
gza,Hieronymus Bosch
wkh,Alfred Sisley
pzu,Raphael
uwv,Leonardo da Vinci
den,Titian
hmi,Pablo Picasso
xlb,Raphael
trv,Vincent van Gogh
ubp,Francisco Goya
lsn,Pablo Picasso
aww,Vincent van Gogh
uiq,Titian
xuq,Francisco Goya
xfa,Henri Matisse
eub,Francisco Goya
ekw,Edouard Manet
jsm,Francisco Goya
quw,Rembrandt
myq,Rembrandt
uln,Pieter Bruegel
ifr,Vincent van Gogh
zpw,Claude Monet
kny,Pierre-Auguste Renoir
upz,Pierre-Auguste Renoir
tds,Edgar Degas
mqd,Pieter Bruegel
avi,Albrecht Du rer
cxf,Edgar Degas
jmy,Pierre-Auguste Renoir
zjl,Pablo Picasso
pgk,Vincent van Gogh
cgg,Edgar Degas
dbh,Vincent van Gogh
ecv,Hieronymus Bosch
caf,Francisco Goya
dje,Pierre-Auguste Renoir
pez,Paul Cezanne
qyh,Vincent van Gogh
hna,Salvador Dali
mhc,Salvador Dali
nvi,Paul Gauguin
pwx,Alfred Sisley
zdl,Titian
mfh,Titian
wqq,Vincent van Gogh
vjp,Pierre-Auguste Renoir
wea,Vincent van Gogh
bcx,Paul Gauguin
xeh,Pierre-Auguste Renoir
vmt,Albrecht Du rer
isf,Pablo Picasso
wcm,Joan Miro
uzp,Edgar Degas
lkw,Alfred Sisley
glv,Salvador Dali
hys,Albrecht Du rer
xuw,Edgar Degas
eds,Vincent van Gogh
zvz,Pierre-Auguste Renoir
qih,Francisco Goya
uoh,Piet Mondrian
anb,Leonardo da Vinci
twi,El Greco
bre,Sandro Botticelli
pju,Alfred Sisley
trn,El Greco
tsi,Andrei Rublev
lso,Joan Miro
eyj,Rene Magritte
qhz,Rene Magritte
ulu,Vincent van Gogh
rkf,Pierre-Auguste Renoir
onc,Joan Miro
pur,Frida Kahlo
kza,Albrecht Du rer
htw,Marc Chagall
rhu,Rene Magritte
arc,Mikhail Vrubel
bih,Marc Chagall
wwj,Vincent van Gogh
zbx,Andrei Rublev
axr,Rembrandt
blj,Mikhail Vrubel
czp,Albrecht Du rer
dqy,Rembrandt
coh,Francisco Goya
hor,Pablo Picasso
nkq,Titian
axs,Joan Miro
jgh,Frida Kahlo
bxr,Pablo Picasso
sbf,Frida Kahlo
gsq,Andy Warhol
jxj,Albrecht Du rer
bra,Edgar Degas
wcu,Hieronymus Bosch
qsu,Rembrandt
zae,Paul Gauguin
bhi,Gustav Klimt
mrz,Pierre-Auguste Renoir
tnc,Salvador Dali
prd,Andy Warhol
vfu,Vincent van Gogh
rpl,Alfred Sisley
bpg,Henri de Toulouse-Lautrec
orp,Alfred Sisley
kzq,Edgar Degas
muu,Diego Velazquez
otp,Marc Chagall
qaq,Alfred Sisley
rzh,Titian
htx,Titian
brq,Edgar Degas
zxf,Pablo Picasso
doz,Rene Magritte
lpw,Marc Chagall
tsf,Albrecht Du rer
wyd,Kazimir Malevich
lbu,Frida Kahlo
mdt,Piet Mondrian
thi,Paul Klee
jvb,Francisco Goya
mvu,Henri Matisse
rrz,Raphael
qpq,Salvador Dali
vho,Claude Monet
yac,Mikhail Vrubel
bbm,Diego Velazquez
bvb,Paul Klee
epg,Francisco Goya
oqj,Titian
ndt,Edgar Degas
tkv,Francisco Goya
bgl,Francisco Goya
omz,Edgar Degas
lme,Francisco Goya
ina,Andy Warhol
lbn,Francisco Goya
ufy,Titian
dxf,Vasiliy Kandinskiy
xmr,Henri Matisse
ndx,Piet Mondrian
kjx,Titian
rji,Francisco Goya
mxu,Rembrandt
xzw,Frida Kahlo
ohr,Edgar Degas
hot,Vincent van Gogh
kvb,Albrecht Du rer
ity,Paul Gauguin
lxr,Edgar Degas
tfu,Albrecht Du rer
ldu,Titian
jmp,Edgar Degas
tef,Edgar Degas
kox,Edgar Degas
emo,Vincent van Gogh
bxn,Frida Kahlo
qmj,El Greco
cny,Edouard Manet
fqm,Rembrandt
ckw,Francisco Goya
wju,Rembrandt
qxz,Gustav Klimt
pdx,Vincent van Gogh
nxd,Frida Kahlo
nqr,Francisco Goya
jnb,Edgar Degas
xwl,Andy Warhol
lgm,Albrecht Du rer
oho,Francisco Goya
add,Titian
jzs,Albrecht Du rer
pvo,Salvador Dali
ugi,Piet Mondrian
vuc,Pablo Picasso
hab,Titian
oac,Camille Pissarro
pne,Albrecht Du rer
pon,Henri Matisse
pkc,Edgar Degas
vec,Pierre-Auguste Renoir
csf,Alfred Sisley
nto,Titian
xmk,Francisco Goya
jbb,Paul Gauguin
mfw,Hieronymus Bosch
enq,Pierre-Auguste Renoir
gqt,Henri Rousseau
cqu,Rene Magritte
dsw,Titian
ynx,Vincent van Gogh
qzt,Sandro Botticelli
rtb,Alfred Sisley
cmy,Rembrandt
aow,Sandro Botticelli
eqj,Albrecht Du rer
ziq,Edgar Degas
vpq,Rembrandt
kjy,Rembrandt
wfn,Edgar Degas
pzl,Henri Matisse
vql,Eugene Delacroix
jwb,Edgar Degas
bac,Rene Magritte
tnt,Edgar Degas
vys,Gustav Klimt
jqg,Marc Chagall
mdp,Vincent van Gogh
ccb,Pablo Picasso
evt,Vincent van Gogh
trx,Joan Miro
jvc,Vincent van Gogh
nbj,Paul Gauguin
acy,Pablo Picasso
tjo,Gustav Klimt
uqs,Rene Magritte
zqq,Frida Kahlo
ykw,Albrecht Du rer
izu,Vincent van Gogh
xbf,Francisco Goya
ikg,Rembrandt
dvn,Raphael
nxo,Vincent van Gogh
csw,Francisco Goya
fxq,Alfred Sisley
kik,Edgar Degas
xcn,Vincent van Gogh
hzm,Pierre-Auguste Renoir
jpr,Paul Klee
mpq,Kazimir Malevich
thy,Camille Pissarro
owm,Paul Klee
wck,Rene Magritte
ovm,Amedeo Modigliani
twc,Mikhail Vrubel
twf,Andy Warhol
ggr,Pierre-Auguste Renoir
yyg,Sandro Botticelli
xsi,Edgar Degas
npq,Frida Kahlo
gpv,Marc Chagall
gcm,Albrecht Du rer
xlq,Rembrandt
dhc,Vincent van Gogh
eiv,Titian
rzd,Edvard Munch
hxq,Paul Gauguin
lib,Vincent van Gogh
fgh,Alfred Sisley
llg,Pieter Bruegel
mra,Vincent van Gogh
tve,Pablo Picasso
fig,Pierre-Auguste Renoir
ioi,Paul Gauguin
fok,Vincent van Gogh
pph,Paul Gauguin
owt,Piet Mondrian
aml,Pablo Picasso
keb,Peter Paul Rubens
jmx,Marc Chagall
rec,Piet Mondrian
erx,Pierre-Auguste Renoir
iqq,Vasiliy Kandinskiy
hfr,Francisco Goya
gga,Salvador Dali
tys,Titian
bdx,Rene Magritte
tjc,Mikhail Vrubel
dyc,Vincent van Gogh
tiu,Frida Kahlo
qbs,Pierre-Auguste Renoir
odp,Vasiliy Kandinskiy
vop,Rene Magritte
sux,Rembrandt
phz,Raphael
ssi,Andy Warhol
frz,Andy Warhol
wdy,Paul Klee
nat,Albrecht Du rer
puc,Mikhail Vrubel
gbp,Edgar Degas
epa,Rene Magritte
qbq,Alfred Sisley
lst,Edgar Degas
urd,Paul Gauguin
sud,Amedeo Modigliani
kme,Amedeo Modigliani
rum,Giotto di Bondone
vuu,Kazimir Malevich
uod,Rembrandt
suv,Francisco Goya
rqw,Francisco Goya
rgy,Titian
dxs,El Greco
wmd,Rene Magritte
fjh,Andy Warhol
jaq,Titian
brw,Salvador Dali
zmc,Edgar Degas
cbn,Marc Chagall
exm,Leonardo da Vinci
uky,Pablo Picasso
pfr,Pierre-Auguste Renoir
iwl,Francisco Goya
olr,Sandro Botticelli
chu,Leonardo da Vinci
igg,Alfred Sisley
ywt,Pierre-Auguste Renoir
fjv,Paul Klee
wnp,Frida Kahlo
qry,Rene Magritte
vto,Peter Paul Rubens
lhv,Titian
gmd,Pablo Picasso
que,Albrecht Du rer
tuu,Kazimir Malevich
gvj,Francisco Goya
jcd,Edgar Degas
kti,Salvador Dali
bsc,Francisco Goya
lpy,Marc Chagall
ppx,Salvador Dali
nep,Edgar Degas
nkb,Jackson Pollock
kbr,Titian
xuu,Edgar Degas
vhr,Caravaggio
jyd,Albrecht Du rer
mov,Rembrandt
vdv,Titian
xaq,Paul Gauguin
aex,Rene Magritte
sfm,Leonardo da Vinci
nwc,Mikhail Vrubel
xgg,Mikhail Vrubel
rqy,Peter Paul Rubens
ztn,Vincent van Gogh
xoh,Vincent van Gogh
uco,Peter Paul Rubens
idw,Rene Magritte
ijo,Paul Gauguin
yre,Vincent van Gogh
avr,Paul Gauguin
tdw,Titian
aqj,Pierre-Auguste Renoir
usl,Edgar Degas
jdp,Henri de Toulouse-Lautrec
iaj,Peter Paul Rubens
tmu,Titian
ymr,Pablo Picasso
uex,Pablo Picasso
vyq,Diego Velazquez
oxh,Hieronymus Bosch
doi,Albrecht Du rer
yrr,Andy Warhol
sas,Edouard Manet
jva,Pierre-Auguste Renoir
txh,Marc Chagall
pas,Raphael
uuu,Rembrandt
wpp,Edgar Degas
gzd,Andy Warhol
ksf,Salvador Dali
dnt,Titian
lhf,Pablo Picasso
nxx,Edouard Manet
fwc,Salvador Dali
wuw,Raphael
dqd,Alfred Sisley
anr,Edgar Degas
jme,Andy Warhol
kod,Pierre-Auguste Renoir
ema,El Greco
myp,Paul Gauguin
hxo,Leonardo da Vinci
oow,Rembrandt
hdf,Rembrandt
akn,Jan van Eyck
umu,Edgar Degas
rhb,Diego Rivera
sjl,Paul Gauguin
iwc,Pablo Picasso
iqp,Andy Warhol
bct,Marc Chagall
dxt,Camille Pissarro
acx,Vincent van Gogh
ula,Rembrandt
